ID,Ultimo aggiornamento,Hyperlink
SST1418233,2024-08-31,https://www.giustizia.it/giustizia/it/mg_1_14_1.page?contentId=SST1418233
SST1415275,2024-07-31,https://www.giustizia.it/giustizia/it/mg_1_14_1.page?contentId=SST1415275
SST1410601,2024-06-30,https://www.giustizia.it/giustizia/it/mg_1_14_1.page?contentId=SST1410601
SST1407300,2024-05-31,https://www.giustizia.it/giustizia/it/mg_1_14_1.page?contentId=SST1407300
SST1402560,2024-04-30,https://www.giustizia.it/giustizia/it/mg_1_14_1.page?contentId=SST1402560
SST466343,2024-03-31,https://www.giustizia.it/giustizia/it/mg_1_14_1.page?contentId=SST466343
SST462936,2024-02-29,https://www.giustizia.it/giustizia/it/mg_1_14_1.page?contentId=SST462936
SST459023,2024-01-31,https://www.giustizia.it/giustizia/it/mg_1_14_1.page?contentId=SST459023
SST454090,2023-12-31,https://www.giustizia.it/giustizia/it/mg_1_14_1.page?contentId=SST454090
SST449508,2023-11-30,https://www.giustizia.it/giustizia/it/mg_1_14_1.page?contentId=SST449508
SST447996,2023-10-31,https://www.giustizia.it/giustizia/it/mg_1_14_1.page?contentId=SST447996
SST446492,2023-09-30,https://www.giustizia.it/giustizia/it/mg_1_14_1.page?contentId=SST446492
SST442883,2023-08-31,https://www.giustizia.it/giustizia/it/mg_1_14_1.page?contentId=SST442883
SST439073,2023-07-31,https://www.giustizia.it/giustizia/it/mg_1_14_1.page?contentId=SST439073
SST436158,2023-06-30,https://www.giustizia.it/giustizia/it/mg_1_14_1.page?contentId=SST436158
SST431165,2023-05-31,https://www.giustizia.it/giustizia/it/mg_1_14_1.page?contentId=SST431165
SST426356,2023-04-30,https://www.giustizia.it/giustizia/it/mg_1_14_1.page?contentId=SST426356
SST423466,2023-03-31,https://www.giustizia.it/giustizia/it/mg_1_14_1.page?contentId=SST423466
SST418777,2023-02-28,https://www.giustizia.it/giustizia/it/mg_1_14_1.page?contentId=SST418777
SST414676,2023-01-31,https://www.giustizia.it/giustizia/it/mg_1_14_1.page?contentId=SST414676
SST410259,2022-12-31,https://www.giustizia.it/giustizia/it/mg_1_14_1.page?contentId=SST410259
SST405710,2022-11-30,https://www.giustizia.it/giustizia/it/mg_1_14_1.page?contentId=SST405710
SST401327,2022-10-31,https://www.giustizia.it/giustizia/it/mg_1_14_1.page?contentId=SST401327
SST398014,2022-09-30,https://www.giustizia.it/giustizia/it/mg_1_14_1.page?contentId=SST398014
SST393944,2022-08-31,https://www.giustizia.it/giustizia/it/mg_1_14_1.page?contentId=SST393944
SST390144,2022-07-31,https://www.giustizia.it/giustizia/it/mg_1_14_1.page?contentId=SST390144
SST386394,2022-06-30,https://www.giustizia.it/giustizia/it/mg_1_14_1.page?contentId=SST386394
SST382391,2022-05-31,https://www.giustizia.it/giustizia/it/mg_1_14_1.page?contentId=SST382391
SST377961,2022-04-30,https://www.giustizia.it/giustizia/it/mg_1_14_1.page?contentId=SST377961
SST374094,2022-03-31,https://www.giustizia.it/giustizia/it/mg_1_14_1.page?contentId=SST374094
SST369465,2022-02-28,https://www.giustizia.it/giustizia/it/mg_1_14_1.page?contentId=SST369465
SST365608,2022-01-31,https://www.giustizia.it/giustizia/it/mg_1_14_1.page?contentId=SST365608
SST360932,2021-12-31,https://www.giustizia.it/giustizia/it/mg_1_14_1.page?contentId=SST360932
SST365607,2021-12-31,https://www.giustizia.it/giustizia/it/mg_1_14_1.page?contentId=SST365607
SST357666,2021-11-30,https://www.giustizia.it/giustizia/it/mg_1_14_1.page?contentId=SST357666
SST352771,2021-10-31,https://www.giustizia.it/giustizia/it/mg_1_14_1.page?contentId=SST352771
SST348572,2021-09-30,https://www.giustizia.it/giustizia/it/mg_1_14_1.page?contentId=SST348572
SST345758,2021-08-31,https://www.giustizia.it/giustizia/it/mg_1_14_1.page?contentId=SST345758
SST342771,2021-07-31,https://www.giustizia.it/giustizia/it/mg_1_14_1.page?contentId=SST342771
SST338675,2021-06-30,https://www.giustizia.it/giustizia/it/mg_1_14_1.page?contentId=SST338675
SST334403,2021-05-31,https://www.giustizia.it/giustizia/it/mg_1_14_1.page?contentId=SST334403
SST331096,2021-04-30,https://www.giustizia.it/giustizia/it/mg_1_14_1.page?contentId=SST331096
SST327697,2021-03-31,https://www.giustizia.it/giustizia/it/mg_1_14_1.page?contentId=SST327697
SST323234,2021-02-28,https://www.giustizia.it/giustizia/it/mg_1_14_1.page?contentId=SST323234
SST319895,2021-01-31,https://www.giustizia.it/giustizia/it/mg_1_14_1.page?contentId=SST319895
SST314850,2020-12-31,https://www.giustizia.it/giustizia/it/mg_1_14_1.page?contentId=SST314850
SST308223,2020-11-30,https://www.giustizia.it/giustizia/it/mg_1_14_1.page?contentId=SST308223
SST301069,2020-10-31,https://www.giustizia.it/giustizia/it/mg_1_14_1.page?contentId=SST301069
SST301066,2020-09-30,https://www.giustizia.it/giustizia/it/mg_1_14_1.page?contentId=SST301066
SST289764,2020-08-31,https://www.giustizia.it/giustizia/it/mg_1_14_1.page?contentId=SST289764
SST285903,2020-07-31,https://www.giustizia.it/giustizia/it/mg_1_14_1.page?contentId=SST285903
SST281553,2020-06-30,https://www.giustizia.it/giustizia/it/mg_1_14_1.page?contentId=SST281553
SST276692,2020-05-31,https://www.giustizia.it/giustizia/it/mg_1_14_1.page?contentId=SST276692
SST271286,2020-04-30,https://www.giustizia.it/giustizia/it/mg_1_14_1.page?contentId=SST271286
SST267794,2020-03-31,https://www.giustizia.it/giustizia/it/mg_1_14_1.page?contentId=SST267794
SST250612,2020-02-29,https://www.giustizia.it/giustizia/it/mg_1_14_1.page?contentId=SST250612
SST245520,2020-01-31,https://www.giustizia.it/giustizia/it/mg_1_14_1.page?contentId=SST245520
SST238852,2019-12-31,https://www.giustizia.it/giustizia/it/mg_1_14_1.page?contentId=SST238852
SST231374,2019-11-30,https://www.giustizia.it/giustizia/it/mg_1_14_1.page?contentId=SST231374
SST225673,2019-10-31,https://www.giustizia.it/giustizia/it/mg_1_14_1.page?contentId=SST225673
SST219309,2019-09-30,https://www.giustizia.it/giustizia/it/mg_1_14_1.page?contentId=SST219309
SST212437,2019-08-31,https://www.giustizia.it/giustizia/it/mg_1_14_1.page?contentId=SST212437
SST206215,2019-07-31,https://www.giustizia.it/giustizia/it/mg_1_14_1.page?contentId=SST206215
SST199180,2019-06-30,https://www.giustizia.it/giustizia/it/mg_1_14_1.page?contentId=SST199180
SST193650,2019-05-31,https://www.giustizia.it/giustizia/it/mg_1_14_1.page?contentId=SST193650
SST188400,2019-04-30,https://www.giustizia.it/giustizia/it/mg_1_14_1.page?contentId=SST188400
SST183024,2019-03-31,https://www.giustizia.it/giustizia/it/mg_1_14_1.page?contentId=SST183024
SST173677,2019-02-28,https://www.giustizia.it/giustizia/it/mg_1_14_1.page?contentId=SST173677
SST168760,2019-01-31,https://www.giustizia.it/giustizia/it/mg_1_14_1.page?contentId=SST168760
